{
  "timestamp": "2025-12-30T17:32:25.065922",
  "results_10": {
    "num_samples": 10,
    "regex": {
      "type": 100.0,
      "amount": 100.0
    },
    "ml": {
      "category": 80.0
    },
    "llm": {
      "type": 100.0,
      "amount": 100.0,
      "category": 70.0
    },
    "time_mins": 3.157775855064392
  },
  "results_20": {
    "num_samples": 20,
    "regex": {
      "type": 90.0,
      "amount": 100.0
    },
    "ml": {
      "category": 60.0
    },
    "llm": {
      "type": 90.0,
      "amount": 100.0,
      "category": 85.0
    },
    "time_mins": 6.606129829088847
  },
  "results_all": {
    "num_samples": 286,
    "regex": {
      "type": 73.07692307692307,
      "amount": 83.56643356643356
    },
    "ml": {
      "category": 27.27272727272727
    },
    "llm": {
      "type": 72.02797202797203,
      "amount": 95.45454545454545,
      "category": 41.25874125874126
    },
    "time_mins": 79.71920656760534
  }
}